Source,Target,Type,Id,Label,timeset,Weight
3,6,Undirected,0,,,30
3,7,Undirected,1,,,2
3,8,Undirected,2,,,2
3,10,Undirected,3,,,5
3,11,Undirected,4,,,3
3,14,Undirected,5,,,19
3,15,Undirected,6,,,2
3,16,Undirected,7,,,5
3,18,Undirected,8,,,2
3,21,Undirected,9,,,3
3,22,Undirected,10,,,2
3,24,Undirected,11,,,4
3,25,Undirected,12,,,3
3,26,Undirected,13,,,3
3,27,Undirected,14,,,2
3,28,Undirected,15,,,3
3,32,Undirected,16,,,3
3,33,Undirected,17,,,2
3,34,Undirected,18,,,2
3,38,Undirected,19,,,2
3,42,Undirected,20,,,3
3,43,Undirected,21,,,2
3,46,Undirected,22,,,2
3,51,Undirected,23,,,2
3,52,Undirected,24,,,3
3,53,Undirected,25,,,2
3,54,Undirected,26,,,2
3,55,Undirected,27,,,4
3,56,Undirected,28,,,2
3,57,Undirected,29,,,3
3,58,Undirected,30,,,2
3,60,Undirected,31,,,2
3,62,Undirected,32,,,2
3,63,Undirected,33,,,2
3,64,Undirected,34,,,2
3,65,Undirected,35,,,2
3,66,Undirected,36,,,2
3,67,Undirected,37,,,3
3,72,Undirected,38,,,2
3,77,Undirected,39,,,2
3,88,Undirected,40,,,2
3,90,Undirected,41,,,2
3,92,Undirected,42,,,3
3,94,Undirected,43,,,2
3,109,Undirected,44,,,2
3,115,Undirected,45,,,1
3,117,Undirected,46,,,3
3,125,Undirected,47,,,1
3,137,Undirected,48,,,3
3,148,Undirected,49,,,2
3,153,Undirected,50,,,3
3,159,Undirected,51,,,2
3,166,Undirected,52,,,2
3,201,Undirected,53,,,3
3,202,Undirected,54,,,2
3,242,Undirected,56,,,2
3,247,Undirected,57,,,2
3,291,Undirected,58,,,2
3,292,Undirected,59,,,2
3,392,Undirected,60,,,2
3,395,Undirected,61,,,2
3,3,Undirected,63,,,1
6,14,Undirected,68,,,15
6,20,Undirected,69,,,1
6,21,Undirected,70,,,5
6,22,Undirected,71,,,2
6,26,Undirected,72,,,2
6,27,Undirected,73,,,2
6,28,Undirected,74,,,2
6,32,Undirected,75,,,1
6,33,Undirected,76,,,2
6,34,Undirected,77,,,3
6,37,Undirected,78,,,2
6,38,Undirected,79,,,3
6,40,Undirected,80,,,2
6,42,Undirected,81,,,3
6,43,Undirected,82,,,2
6,46,Undirected,83,,,2
6,53,Undirected,84,,,2
6,54,Undirected,85,,,2
6,55,Undirected,86,,,3
6,56,Undirected,87,,,2
6,57,Undirected,88,,,2
6,58,Undirected,89,,,2
6,60,Undirected,90,,,6
6,64,Undirected,91,,,2
6,65,Undirected,92,,,2
6,66,Undirected,93,,,1
6,72,Undirected,94,,,2
6,85,Undirected,95,,,2
6,88,Undirected,96,,,1
6,90,Undirected,97,,,3
6,94,Undirected,98,,,2
6,153,Undirected,99,,,2
6,200,Undirected,100,,,1
6,204,Undirected,101,,,2
6,223,Undirected,102,,,2
6,265,Undirected,103,,,2
6,378,Undirected,104,,,2
6,394,Undirected,105,,,2
6,6,Undirected,107,,,1
3,9,Undirected,118,,,5
9,30,Undirected,120,,,3
9,43,Undirected,121,,,1
9,52,Undirected,122,,,2
9,67,Undirected,123,,,2
9,167,Undirected,124,,,2
9,9,Undirected,126,,,1
10,57,Undirected,129,,,2
10,62,Undirected,130,,,2
10,109,Undirected,131,,,2
10,10,Undirected,133,,,1
11,11,Undirected,137,,,1
6,12,Undirected,143,,,1
13,13,Undirected,147,,,1
14,19,Undirected,150,,,1
14,22,Undirected,151,,,1
14,24,Undirected,152,,,3
14,25,Undirected,153,,,2
14,30,Undirected,154,,,6
14,35,Undirected,155,,,2
14,42,Undirected,156,,,2
14,46,Undirected,157,,,3
14,53,Undirected,158,,,2
14,56,Undirected,159,,,1
14,58,Undirected,160,,,1
14,60,Undirected,161,,,3
14,63,Undirected,162,,,1
14,67,Undirected,163,,,2
14,72,Undirected,164,,,2
14,73,Undirected,165,,,1
14,74,Undirected,166,,,2
14,75,Undirected,167,,,6
14,77,Undirected,168,,,1
14,83,Undirected,169,,,2
14,85,Undirected,170,,,2
14,90,Undirected,171,,,2
14,93,Undirected,172,,,2
14,94,Undirected,173,,,2
14,95,Undirected,174,,,2
14,109,Undirected,175,,,1
14,137,Undirected,176,,,2
14,149,Undirected,177,,,1
14,154,Undirected,178,,,4
14,161,Undirected,179,,,1
14,166,Undirected,180,,,3
14,173,Undirected,181,,,1
14,192,Undirected,182,,,1
14,201,Undirected,183,,,1
14,202,Undirected,184,,,2
14,223,Undirected,186,,,1
14,242,Undirected,187,,,1
14,247,Undirected,188,,,2
14,290,Undirected,189,,,1
14,291,Undirected,190,,,3
14,292,Undirected,191,,,1
14,297,Undirected,192,,,2
14,298,Undirected,193,,,2
14,302,Undirected,194,,,1
14,315,Undirected,195,,,2
14,350,Undirected,196,,,2
14,391,Undirected,197,,,2
14,14,Undirected,199,,,1
6,15,Undirected,204,,,2
6,30,Undirected,205,,,2
15,54,Undirected,206,,,2
15,15,Undirected,208,,,1
3,29,Undirected,210,,,1
16,51,Undirected,211,,,2
16,393,Undirected,212,,,1
16,16,Undirected,214,,,1
9,14,Undirected,219,,,2
9,16,Undirected,220,,,1
14,18,Undirected,222,,,1
10,19,Undirected,226,,,1
14,20,Undirected,230,,,1
21,53,Undirected,233,,,1
21,54,Undirected,234,,,3
21,55,Undirected,235,,,2
21,60,Undirected,236,,,2
21,65,Undirected,237,,,2
21,21,Undirected,239,,,1
6,11,Undirected,244,,,1
11,22,Undirected,246,,,1
11,60,Undirected,247,,,1
22,22,Undirected,249,,,1
14,23,Undirected,257,,,1
24,31,Undirected,260,,,3
24,35,Undirected,261,,,1
24,52,Undirected,262,,,3
24,67,Undirected,263,,,2
24,69,Undirected,264,,,1
24,100,Undirected,265,,,1
24,117,Undirected,266,,,2
24,24,Undirected,268,,,1
14,54,Undirected,272,,,1
25,60,Undirected,273,,,2
25,67,Undirected,274,,,2
25,25,Undirected,276,,,1
14,26,Undirected,279,,,5
26,54,Undirected,281,,,2
26,55,Undirected,282,,,3
26,60,Undirected,283,,,2
26,64,Undirected,284,,,2
26,65,Undirected,285,,,2
26,90,Undirected,286,,,2
26,94,Undirected,287,,,2
26,148,Undirected,288,,,1
26,26,Undirected,290,,,1
27,27,Undirected,298,,,1
6,93,Undirected,304,,,1
28,28,Undirected,306,,,1
6,29,Undirected,309,,,1
6,137,Undirected,310,,,1
29,16,Undirected,311,,,1
29,29,Undirected,312,,,1
16,30,Undirected,313,,,2
16,31,Undirected,314,,,1
30,51,Undirected,315,,,1
30,52,Undirected,316,,,3
30,67,Undirected,317,,,4
30,72,Undirected,318,,,2
30,75,Undirected,319,,,1
30,83,Undirected,320,,,2
30,93,Undirected,321,,,2
30,95,Undirected,322,,,2
30,167,Undirected,323,,,2
30,30,Undirected,325,,,1
9,13,Undirected,328,,,1
13,14,Undirected,330,,,1
13,30,Undirected,331,,,1
14,15,Undirected,332,,,1
15,21,Undirected,334,,,2
15,30,Undirected,335,,,1
21,24,Undirected,336,,,1
21,30,Undirected,337,,,1
31,54,Undirected,340,,,1
31,67,Undirected,341,,,4
31,72,Undirected,342,,,2
31,93,Undirected,343,,,2
31,95,Undirected,344,,,2
31,167,Undirected,345,,,2
31,31,Undirected,347,,,1
24,30,Undirected,350,,,2
30,32,Undirected,352,,,1
30,60,Undirected,353,,,1
32,90,Undirected,354,,,2
32,94,Undirected,355,,,2
32,395,Undirected,356,,,2
32,32,Undirected,358,,,1
33,60,Undirected,365,,,2
33,61,Undirected,366,,,2
33,65,Undirected,367,,,2
33,90,Undirected,368,,,2
33,94,Undirected,369,,,2
33,33,Undirected,371,,,1
34,61,Undirected,378,,,1
34,65,Undirected,379,,,2
34,153,Undirected,380,,,2
34,34,Undirected,382,,,1
6,35,Undirected,387,,,1
6,67,Undirected,388,,,3
35,72,Undirected,389,,,2
35,95,Undirected,390,,,1
35,167,Undirected,391,,,2
35,35,Undirected,393,,,1
24,36,Undirected,398,,,1
24,60,Undirected,399,,,1
36,36,Undirected,401,,,1
37,60,Undirected,404,,,2
37,65,Undirected,405,,,2
37,37,Undirected,407,,,1
38,65,Undirected,412,,,2
38,38,Undirected,414,,,1
37,40,Undirected,421,,,1
37,67,Undirected,422,,,1
40,40,Undirected,424,,,1
42,85,Undirected,427,,,1
42,42,Undirected,429,,,1
14,43,Undirected,435,,,1
6,9,Undirected,438,,,1
9,46,Undirected,441,,,1
26,51,Undirected,449,,,1
52,72,Undirected,458,,,2
52,247,Undirected,459,,,1
52,52,Undirected,461,,,1
9,24,Undirected,464,,,1
30,31,Undirected,468,,,6
31,53,Undirected,470,,,1
53,53,Undirected,473,,,1
14,21,Undirected,480,,,2
21,67,Undirected,483,,,1
54,54,Undirected,485,,,1
21,25,Undirected,494,,,1
25,26,Undirected,496,,,2
25,54,Undirected,497,,,1
26,31,Undirected,498,,,1
31,55,Undirected,500,,,1
31,60,Undirected,501,,,1
55,64,Undirected,502,,,1
55,65,Undirected,503,,,2
55,67,Undirected,504,,,2
55,72,Undirected,505,,,1
55,82,Undirected,506,,,5
55,92,Undirected,507,,,2
55,124,Undirected,508,,,4
55,137,Undirected,509,,,4
55,144,Undirected,510,,,2
55,145,Undirected,511,,,2
55,153,Undirected,512,,,2
55,167,Undirected,513,,,2
55,272,Undirected,514,,,2
55,392,Undirected,515,,,2
55,55,Undirected,517,,,1
21,26,Undirected,524,,,2
26,33,Undirected,526,,,2
33,56,Undirected,528,,,3
33,67,Undirected,529,,,1
56,82,Undirected,530,,,2
56,90,Undirected,531,,,1
56,94,Undirected,532,,,1
56,117,Undirected,533,,,2
56,137,Undirected,534,,,2
56,56,Undirected,536,,,1
14,57,Undirected,543,,,1
14,62,Undirected,544,,,1
57,57,Undirected,546,,,1
6,10,Undirected,551,,,1
10,58,Undirected,553,,,1
10,117,Undirected,554,,,1
58,58,Undirected,556,,,1
21,22,Undirected,573,,,1
22,25,Undirected,575,,,1
22,60,Undirected,576,,,1
26,27,Undirected,579,,,1
27,32,Undirected,581,,,1
27,60,Undirected,582,,,1
32,33,Undirected,583,,,3
32,60,Undirected,584,,,1
33,34,Undirected,585,,,3
34,36,Undirected,587,,,1
34,60,Undirected,588,,,1
36,37,Undirected,589,,,1
36,60,Undirected,590,,,1
37,38,Undirected,591,,,2
38,42,Undirected,593,,,1
38,60,Undirected,594,,,1
42,55,Undirected,595,,,1
42,60,Undirected,596,,,1
55,61,Undirected,598,,,1
34,62,Undirected,604,,,1
57,63,Undirected,612,,,1
14,64,Undirected,615,,,1
14,82,Undirected,616,,,2
64,64,Undirected,618,,,1
34,37,Undirected,641,,,1
38,55,Undirected,645,,,1
55,66,Undirected,648,,,1
6,83,Undirected,654,,,1
67,93,Undirected,655,,,1
67,137,Undirected,656,,,2
67,67,Undirected,658,,,1
24,25,Undirected,665,,,1
25,30,Undirected,667,,,1
31,35,Undirected,671,,,4
35,40,Undirected,673,,,1
35,67,Undirected,674,,,1
40,52,Undirected,675,,,1
40,67,Undirected,676,,,1
52,53,Undirected,677,,,1
52,67,Undirected,678,,,1
53,54,Undirected,679,,,1
53,67,Undirected,680,,,1
54,55,Undirected,681,,,1
54,67,Undirected,682,,,1
55,56,Undirected,683,,,3
56,69,Undirected,686,,,1
24,72,Undirected,690,,,1
35,52,Undirected,703,,,1
52,55,Undirected,705,,,1
55,73,Undirected,708,,,1
14,196,Undirected,712,,,2
74,74,Undirected,714,,,1
14,117,Undirected,718,,,1
75,154,Undirected,719,,,3
75,166,Undirected,720,,,1
75,204,Undirected,721,,,2
75,291,Undirected,722,,,2
75,351,Undirected,723,,,2
75,75,Undirected,725,,,1
30,77,Undirected,731,,,1
14,92,Undirected,737,,,1
82,124,Undirected,738,,,3
82,144,Undirected,739,,,2
82,82,Undirected,741,,,1
56,64,Undirected,746,,,1
64,83,Undirected,748,,,1
64,137,Undirected,749,,,1
83,154,Undirected,750,,,1
83,83,Undirected,752,,,1
67,85,Undirected,760,,,1
42,88,Undirected,766,,,1
26,32,Undirected,781,,,2
56,92,Undirected,787,,,1
56,124,Undirected,788,,,1
92,92,Undirected,790,,,1
82,93,Undirected,798,,,1
14,28,Undirected,801,,,1
28,30,Undirected,803,,,1
28,93,Undirected,804,,,1
67,94,Undirected,810,,,1
56,95,Undirected,826,,,1
35,100,Undirected,836,,,1
24,103,Undirected,840,,,1
108,108,Undirected,844,,,1
109,109,Undirected,848,,,1
10,14,Undirected,853,,,1
14,115,Undirected,856,,,1
24,56,Undirected,863,,,1
56,58,Undirected,865,,,1
58,75,Undirected,867,,,1
58,117,Undirected,868,,,1
75,121,Undirected,870,,,1
108,124,Undirected,873,,,1
108,144,Undirected,874,,,1
124,145,Undirected,875,,,2
124,287,Undirected,876,,,3
124,322,Undirected,877,,,2
124,387,Undirected,878,,,2
124,392,Undirected,879,,,2
124,124,Undirected,881,,,1
82,92,Undirected,886,,,1
92,125,Undirected,889,,,1
3,127,Undirected,891,,,1
137,167,Undirected,894,,,3
137,372,Undirected,895,,,1
137,137,Undirected,897,,,1
14,29,Undirected,900,,,1
29,55,Undirected,902,,,1
29,137,Undirected,903,,,1
56,67,Undirected,906,,,1
67,83,Undirected,908,,,1
83,109,Undirected,910,,,1
83,137,Undirected,911,,,1
109,142,Undirected,913,,,1
144,144,Undirected,917,,,1
124,394,Undirected,925,,,1
145,145,Undirected,927,,,1
124,3,Undirected,932,,,1
124,148,Undirected,933,,,1
26,149,Undirected,937,,,1
14,153,Undirected,938,,,1
14,395,Undirected,939,,,1
153,153,Undirected,941,,,1
34,55,Undirected,946,,,1
137,154,Undirected,950,,,2
154,291,Undirected,953,,,1
154,297,Undirected,954,,,1
154,154,Undirected,956,,,1
75,83,Undirected,961,,,1
83,159,Undirected,963,,,1
83,190,Undirected,964,,,1
159,159,Undirected,966,,,1
3,161,Undirected,968,,,1
75,167,Undirected,980,,,1
35,55,Undirected,989,,,1
154,173,Undirected,996,,,1
14,190,Undirected,1000,,,1
159,192,Undirected,1004,,,1
74,200,Undirected,1012,,,1
6,201,Undirected,1015,,,1
6,231,Undirected,1016,,,1
201,201,Undirected,1018,,,1
14,204,Undirected,1026,,,1
6,75,Undirected,1027,,,1
75,144,Undirected,1029,,,1
144,209,Undirected,1031,,,1
144,236,Undirected,1032,,,1
209,237,Undirected,1033,,,3
209,240,Undirected,1034,,,2
209,259,Undirected,1035,,,3
209,209,Undirected,1037,,,1
214,215,Undirected,1040,,,9
214,209,Undirected,1041,,,2
215,209,Undirected,1043,,,5
214,238,Undirected,1044,,,2
214,240,Undirected,1045,,,2
214,255,Undirected,1046,,,3
214,276,Undirected,1047,,,2
214,305,Undirected,1048,,,2
214,374,Undirected,1049,,,2
214,214,Undirected,1051,,,1
215,215,Undirected,1054,,,5
215,216,Undirected,1057,,,2
215,227,Undirected,1058,,,15
215,229,Undirected,1059,,,1
215,236,Undirected,1060,,,12
215,237,Undirected,1061,,,1
215,238,Undirected,1062,,,8
215,239,Undirected,1063,,,22
215,240,Undirected,1064,,,11
215,243,Undirected,1065,,,7
215,246,Undirected,1066,,,13
215,252,Undirected,1067,,,10
215,253,Undirected,1068,,,3
215,254,Undirected,1069,,,1
215,255,Undirected,1070,,,5
215,256,Undirected,1071,,,2
215,259,Undirected,1072,,,2
215,260,Undirected,1073,,,3
215,263,Undirected,1074,,,4
215,265,Undirected,1075,,,6
215,271,Undirected,1076,,,2
215,272,Undirected,1077,,,2
215,273,Undirected,1078,,,4
215,275,Undirected,1079,,,2
215,276,Undirected,1080,,,2
215,278,Undirected,1081,,,3
215,279,Undirected,1082,,,3
215,280,Undirected,1083,,,2
215,281,Undirected,1084,,,3
215,282,Undirected,1085,,,3
215,283,Undirected,1086,,,4
215,284,Undirected,1087,,,2
215,285,Undirected,1088,,,5
215,287,Undirected,1089,,,3
215,298,Undirected,1090,,,2
215,300,Undirected,1091,,,2
215,305,Undirected,1092,,,1
215,309,Undirected,1093,,,3
215,310,Undirected,1094,,,3
215,311,Undirected,1095,,,3
215,314,Undirected,1096,,,2
215,315,Undirected,1097,,,2
215,316,Undirected,1098,,,2
215,317,Undirected,1099,,,4
215,318,Undirected,1100,,,1
215,319,Undirected,1101,,,3
215,320,Undirected,1102,,,2
215,321,Undirected,1103,,,2
215,322,Undirected,1104,,,7
215,323,Undirected,1105,,,2
215,324,Undirected,1106,,,1
215,326,Undirected,1107,,,4
215,327,Undirected,1108,,,2
215,328,Undirected,1109,,,2
215,329,Undirected,1110,,,2
215,330,Undirected,1111,,,2
215,331,Undirected,1112,,,2
215,332,Undirected,1113,,,2
215,334,Undirected,1114,,,2
215,335,Undirected,1115,,,2
215,336,Undirected,1116,,,2
215,337,Undirected,1117,,,2
215,338,Undirected,1118,,,2
215,339,Undirected,1119,,,2
215,340,Undirected,1120,,,2
215,341,Undirected,1121,,,2
215,342,Undirected,1122,,,2
215,343,Undirected,1123,,,7
215,344,Undirected,1124,,,2
215,345,Undirected,1125,,,3
215,346,Undirected,1126,,,2
215,347,Undirected,1127,,,2
215,348,Undirected,1128,,,1
215,350,Undirected,1129,,,2
215,351,Undirected,1130,,,1
215,353,Undirected,1131,,,3
215,354,Undirected,1132,,,2
215,355,Undirected,1133,,,1
215,356,Undirected,1134,,,3
215,358,Undirected,1135,,,1
215,360,Undirected,1136,,,2
215,362,Undirected,1137,,,2
215,363,Undirected,1138,,,2
215,366,Undirected,1139,,,2
215,368,Undirected,1140,,,3
215,373,Undirected,1141,,,2
215,374,Undirected,1142,,,2
215,376,Undirected,1143,,,2
215,377,Undirected,1144,,,2
215,378,Undirected,1145,,,2
215,379,Undirected,1146,,,2
215,380,Undirected,1147,,,2
215,382,Undirected,1148,,,2
215,383,Undirected,1149,,,2
215,384,Undirected,1150,,,1
215,385,Undirected,1151,,,3
215,386,Undirected,1152,,,2
215,387,Undirected,1153,,,2
215,389,Undirected,1154,,,2
215,390,Undirected,1155,,,2
215,391,Undirected,1156,,,2
215,392,Undirected,1157,,,2
215,395,Undirected,1158,,,2
216,216,Undirected,1164,,,1
154,223,Undirected,1175,,,1
154,298,Undirected,1176,,,2
223,223,Undirected,1178,,,1
14,227,Undirected,1183,,,1
14,252,Undirected,1184,,,1
227,255,Undirected,1185,,,2
227,256,Undirected,1186,,,2
227,260,Undirected,1187,,,2
227,265,Undirected,1188,,,2
227,281,Undirected,1189,,,2
227,283,Undirected,1190,,,2
227,317,Undirected,1191,,,2
227,338,Undirected,1192,,,2
227,353,Undirected,1193,,,2
227,385,Undirected,1194,,,2
227,387,Undirected,1195,,,2
227,227,Undirected,1197,,,1
240,229,Undirected,1201,,,1
215,231,Undirected,1203,,,1
201,232,Undirected,1206,,,1
201,294,Undirected,1207,,,1
232,350,Undirected,1208,,,1
232,232,Undirected,1210,,,1
236,265,Undirected,1213,,,2
236,271,Undirected,1214,,,2
236,275,Undirected,1215,,,1
236,278,Undirected,1216,,,2
236,320,Undirected,1217,,,2
236,321,Undirected,1218,,,2
236,322,Undirected,1219,,,2
236,331,Undirected,1220,,,2
236,332,Undirected,1221,,,2
236,353,Undirected,1222,,,2
236,381,Undirected,1223,,,2
236,387,Undirected,1224,,,2
236,391,Undirected,1225,,,2
236,236,Undirected,1227,,,1
209,236,Undirected,1231,,,1
216,240,Undirected,1234,,,1
216,236,Undirected,1235,,,1
240,237,Undirected,1236,,,1
240,265,Undirected,1237,,,3
237,281,Undirected,1238,,,2
237,237,Undirected,1240,,,1
238,256,Undirected,1245,,,2
238,259,Undirected,1246,,,2
238,278,Undirected,1247,,,2
238,280,Undirected,1248,,,2
238,281,Undirected,1249,,,2
238,314,Undirected,1250,,,2
238,328,Undirected,1251,,,2
238,329,Undirected,1252,,,2
238,353,Undirected,1253,,,2
238,356,Undirected,1254,,,2
238,391,Undirected,1255,,,2
238,238,Undirected,1257,,,1
239,256,Undirected,1264,,,2
239,260,Undirected,1265,,,4
239,265,Undirected,1266,,,2
239,278,Undirected,1267,,,3
239,279,Undirected,1268,,,1
239,280,Undirected,1269,,,4
239,281,Undirected,1270,,,2
239,283,Undirected,1271,,,2
239,285,Undirected,1272,,,3
239,300,Undirected,1273,,,2
239,309,Undirected,1274,,,2
239,311,Undirected,1275,,,2
239,314,Undirected,1276,,,2
239,317,Undirected,1277,,,2
239,326,Undirected,1278,,,2
239,328,Undirected,1279,,,2
239,329,Undirected,1280,,,2
239,330,Undirected,1281,,,2
239,333,Undirected,1282,,,2
239,337,Undirected,1283,,,2
239,338,Undirected,1284,,,2
239,340,Undirected,1285,,,2
239,341,Undirected,1286,,,2
239,342,Undirected,1287,,,2
239,353,Undirected,1288,,,2
239,356,Undirected,1289,,,2
239,362,Undirected,1290,,,2
239,366,Undirected,1291,,,2
239,374,Undirected,1292,,,2
239,376,Undirected,1293,,,2
239,377,Undirected,1294,,,2
239,382,Undirected,1295,,,2
239,383,Undirected,1296,,,2
239,385,Undirected,1297,,,2
239,387,Undirected,1298,,,2
239,391,Undirected,1299,,,2
239,392,Undirected,1300,,,2
239,239,Undirected,1302,,,1
240,240,Undirected,1307,,,2
240,227,Undirected,1308,,,2
240,236,Undirected,1309,,,6
240,239,Undirected,1310,,,24
240,241,Undirected,1311,,,7
240,243,Undirected,1312,,,13
240,252,Undirected,1313,,,10
240,255,Undirected,1314,,,2
240,256,Undirected,1315,,,2
240,259,Undirected,1316,,,1
240,271,Undirected,1318,,,2
240,277,Undirected,1319,,,3
240,278,Undirected,1320,,,3
240,280,Undirected,1321,,,2
240,281,Undirected,1322,,,2
240,283,Undirected,1323,,,2
240,285,Undirected,1324,,,3
240,287,Undirected,1325,,,2
240,309,Undirected,1326,,,2
240,314,Undirected,1327,,,2
240,317,Undirected,1328,,,3
240,320,Undirected,1329,,,2
240,321,Undirected,1330,,,2
240,322,Undirected,1331,,,2
240,323,Undirected,1332,,,2
240,326,Undirected,1333,,,2
240,328,Undirected,1334,,,2
240,329,Undirected,1335,,,2
240,332,Undirected,1336,,,2
240,333,Undirected,1337,,,2
240,334,Undirected,1338,,,2
240,337,Undirected,1339,,,2
240,339,Undirected,1340,,,2
240,340,Undirected,1341,,,2
240,344,Undirected,1342,,,2
240,353,Undirected,1343,,,2
240,356,Undirected,1344,,,2
240,376,Undirected,1345,,,2
240,382,Undirected,1346,,,2
240,385,Undirected,1347,,,2
240,386,Undirected,1348,,,2
240,391,Undirected,1349,,,2
215,241,Undirected,1358,,,5
241,252,Undirected,1360,,,2
241,255,Undirected,1361,,,1
241,278,Undirected,1362,,,1
241,310,Undirected,1363,,,2
241,316,Undirected,1364,,,2
241,334,Undirected,1365,,,2
241,373,Undirected,1366,,,2
241,241,Undirected,1368,,,1
240,3,Undirected,1369,,,1
240,242,Undirected,1370,,,1
14,243,Undirected,1373,,,1
14,256,Undirected,1374,,,1
243,265,Undirected,1375,,,5
243,280,Undirected,1376,,,2
243,281,Undirected,1377,,,2
243,284,Undirected,1378,,,1
243,285,Undirected,1379,,,4
243,309,Undirected,1380,,,2
243,310,Undirected,1381,,,2
243,311,Undirected,1382,,,2
243,316,Undirected,1383,,,2
243,327,Undirected,1384,,,2
243,337,Undirected,1385,,,2
243,340,Undirected,1386,,,2
243,341,Undirected,1387,,,2
243,342,Undirected,1388,,,2
243,353,Undirected,1389,,,2
243,362,Undirected,1390,,,2
243,363,Undirected,1391,,,2
243,373,Undirected,1392,,,1
243,379,Undirected,1393,,,2
243,382,Undirected,1394,,,2
243,387,Undirected,1395,,,2
243,391,Undirected,1396,,,3
243,243,Undirected,1398,,,1
241,245,Undirected,1405,,,1
241,271,Undirected,1406,,,1
245,287,Undirected,1407,,,1
245,321,Undirected,1408,,,2
245,322,Undirected,1409,,,2
245,335,Undirected,1410,,,2
245,353,Undirected,1411,,,2
245,378,Undirected,1412,,,2
245,246,Undirected,1413,,,6
245,265,Undirected,1414,,,1
246,271,Undirected,1415,,,9
246,273,Undirected,1416,,,2
246,308,Undirected,1417,,,1
246,309,Undirected,1418,,,3
246,310,Undirected,1419,,,2
246,320,Undirected,1420,,,3
246,321,Undirected,1421,,,2
246,322,Undirected,1422,,,2
246,323,Undirected,1423,,,2
246,331,Undirected,1424,,,1
246,332,Undirected,1425,,,2
246,335,Undirected,1426,,,2
246,337,Undirected,1427,,,2
246,344,Undirected,1428,,,2
246,345,Undirected,1429,,,2
246,346,Undirected,1430,,,1
246,347,Undirected,1431,,,3
246,353,Undirected,1432,,,2
246,354,Undirected,1433,,,1
246,359,Undirected,1434,,,1
246,361,Undirected,1435,,,1
246,368,Undirected,1436,,,2
246,375,Undirected,1437,,,2
246,381,Undirected,1438,,,2
246,382,Undirected,1439,,,2
246,387,Undirected,1440,,,2
246,389,Undirected,1441,,,2
246,390,Undirected,1442,,,2
246,391,Undirected,1443,,,2
246,392,Undirected,1444,,,2
246,246,Undirected,1446,,,1
236,3,Undirected,1451,,,1
236,247,Undirected,1452,,,1
14,52,Undirected,1455,,,1
52,248,Undirected,1458,,,1
252,263,Undirected,1461,,,4
252,265,Undirected,1462,,,6
252,280,Undirected,1463,,,1
252,281,Undirected,1464,,,4
252,283,Undirected,1465,,,1
252,285,Undirected,1466,,,3
252,310,Undirected,1467,,,2
252,319,Undirected,1468,,,3
252,328,Undirected,1469,,,2
252,329,Undirected,1470,,,2
252,334,Undirected,1471,,,1
252,337,Undirected,1472,,,2
252,339,Undirected,1473,,,2
252,340,Undirected,1474,,,2
252,343,Undirected,1475,,,3
252,344,Undirected,1476,,,2
252,353,Undirected,1477,,,2
252,356,Undirected,1478,,,2
252,360,Undirected,1479,,,2
252,366,Undirected,1480,,,2
252,375,Undirected,1481,,,2
252,376,Undirected,1482,,,2
252,377,Undirected,1483,,,1
252,379,Undirected,1484,,,2
252,382,Undirected,1485,,,2
252,383,Undirected,1486,,,2
252,385,Undirected,1487,,,2
252,386,Undirected,1488,,,2
252,391,Undirected,1489,,,2
252,252,Undirected,1491,,,1
227,252,Undirected,1497,,,1
241,253,Undirected,1500,,,1
241,363,Undirected,1501,,,1
253,253,Undirected,1503,,,1
252,254,Undirected,1507,,,1
255,353,Undirected,1510,,,2
255,376,Undirected,1511,,,2
255,383,Undirected,1512,,,2
255,391,Undirected,1513,,,2
255,255,Undirected,1515,,,1
227,238,Undirected,1520,,,2
238,239,Undirected,1522,,,11
238,255,Undirected,1523,,,1
239,255,Undirected,1525,,,1
241,256,Undirected,1529,,,1
243,259,Undirected,1540,,,1
259,259,Undirected,1543,,,1
238,240,Undirected,1548,,,1
240,260,Undirected,1550,,,3
260,330,Undirected,1552,,,2
260,342,Undirected,1553,,,2
260,353,Undirected,1554,,,2
260,366,Undirected,1555,,,2
260,260,Undirected,1557,,,1
227,239,Undirected,1560,,,5
278,280,Undirected,1564,,,4
278,260,Undirected,1565,,,1
280,262,Undirected,1567,,,1
263,337,Undirected,1570,,,2
263,379,Undirected,1571,,,2
263,380,Undirected,1572,,,2
263,263,Undirected,1574,,,1
265,315,Undirected,1579,,,1
265,322,Undirected,1580,,,3
265,337,Undirected,1581,,,2
265,341,Undirected,1582,,,2
265,353,Undirected,1583,,,2
265,362,Undirected,1584,,,2
265,379,Undirected,1585,,,2
265,380,Undirected,1586,,,1
265,381,Undirected,1587,,,3
265,383,Undirected,1588,,,2
265,385,Undirected,1589,,,2
265,391,Undirected,1590,,,2
265,265,Undirected,1592,,,1
6,215,Undirected,1595,,,2
227,236,Undirected,1599,,,3
236,237,Undirected,1601,,,1
237,239,Undirected,1603,,,1
237,265,Undirected,1604,,,1
243,246,Undirected,1609,,,7
246,252,Undirected,1611,,,8
246,265,Undirected,1612,,,4
252,255,Undirected,1613,,,5
255,272,Undirected,1615,,,1
255,265,Undirected,1616,,,2
272,278,Undirected,1617,,,3
272,265,Undirected,1618,,,3
278,279,Undirected,1619,,,4
278,265,Undirected,1620,,,2
279,283,Undirected,1621,,,4
279,265,Undirected,1622,,,3
283,285,Undirected,1623,,,3
283,265,Undirected,1624,,,1
285,287,Undirected,1625,,,7
285,265,Undirected,1626,,,1
287,271,Undirected,1627,,,6
287,309,Undirected,1628,,,2
271,310,Undirected,1629,,,2
271,320,Undirected,1630,,,2
271,321,Undirected,1631,,,1
271,322,Undirected,1632,,,3
271,323,Undirected,1633,,,3
271,335,Undirected,1634,,,2
271,344,Undirected,1635,,,2
271,347,Undirected,1636,,,2
271,353,Undirected,1637,,,2
271,368,Undirected,1638,,,2
271,378,Undirected,1639,,,2
271,381,Undirected,1640,,,2
271,385,Undirected,1641,,,2
271,389,Undirected,1642,,,2
271,391,Undirected,1643,,,2
271,271,Undirected,1645,,,1
240,245,Undirected,1652,,,4
245,271,Undirected,1655,,,2
246,272,Undirected,1656,,,2
272,281,Undirected,1658,,,3
272,309,Undirected,1659,,,2
272,319,Undirected,1660,,,2
272,322,Undirected,1661,,,3
272,353,Undirected,1662,,,2
272,381,Undirected,1663,,,2
272,383,Undirected,1664,,,2
272,391,Undirected,1665,,,2
272,392,Undirected,1666,,,2
272,395,Undirected,1667,,,1
272,272,Undirected,1669,,,1
55,215,Undirected,1672,,,1
273,389,Undirected,1676,,,2
273,390,Undirected,1677,,,2
273,391,Undirected,1678,,,2
273,273,Undirected,1680,,,1
246,275,Undirected,1683,,,1
275,353,Undirected,1685,,,2
275,381,Undirected,1686,,,2
275,275,Undirected,1688,,,1
236,276,Undirected,1693,,,1
236,333,Undirected,1694,,,1
276,344,Undirected,1695,,,2
276,353,Undirected,1696,,,2
276,276,Undirected,1698,,,1
215,277,Undirected,1703,,,1
277,277,Undirected,1706,,,1
278,281,Undirected,1710,,,2
278,328,Undirected,1711,,,1
278,339,Undirected,1712,,,2
278,353,Undirected,1713,,,2
278,376,Undirected,1714,,,2
278,383,Undirected,1715,,,2
278,387,Undirected,1716,,,2
278,391,Undirected,1717,,,2
278,278,Undirected,1719,,,1
236,238,Undirected,1724,,,3
241,279,Undirected,1732,,,1
241,265,Undirected,1733,,,1
279,309,Undirected,1734,,,2
279,311,Undirected,1735,,,2
279,316,Undirected,1736,,,1
279,337,Undirected,1737,,,2
279,339,Undirected,1738,,,2
279,340,Undirected,1739,,,2
279,341,Undirected,1740,,,2
279,343,Undirected,1741,,,1
279,344,Undirected,1742,,,3
279,353,Undirected,1743,,,2
279,363,Undirected,1744,,,1
279,375,Undirected,1745,,,2
279,382,Undirected,1746,,,2
279,386,Undirected,1747,,,2
279,391,Undirected,1748,,,2
279,279,Undirected,1750,,,1
280,281,Undirected,1757,,,5
280,317,Undirected,1758,,,2
280,338,Undirected,1759,,,2
280,339,Undirected,1760,,,2
280,353,Undirected,1761,,,2
280,366,Undirected,1762,,,2
280,383,Undirected,1763,,,2
280,387,Undirected,1764,,,2
280,280,Undirected,1766,,,1
243,252,Undirected,1777,,,5
281,330,Undirected,1781,,,1
281,342,Undirected,1782,,,1
281,353,Undirected,1783,,,2
281,366,Undirected,1784,,,2
281,383,Undirected,1785,,,2
281,391,Undirected,1786,,,2
281,281,Undirected,1788,,,1
227,237,Undirected,1791,,,1
237,238,Undirected,1793,,,1
265,281,Undirected,1806,,,1
280,285,Undirected,1811,,,4
285,282,Undirected,1813,,,1
285,362,Undirected,1814,,,1
282,282,Undirected,1816,,,1
283,311,Undirected,1819,,,3
283,337,Undirected,1820,,,2
283,341,Undirected,1821,,,2
283,353,Undirected,1822,,,2
283,376,Undirected,1823,,,2
283,383,Undirected,1824,,,2
283,391,Undirected,1825,,,2
283,283,Undirected,1827,,,1
252,284,Undirected,1839,,,1
285,281,Undirected,1844,,,1
285,300,Undirected,1845,,,1
285,309,Undirected,1846,,,4
285,314,Undirected,1847,,,1
285,317,Undirected,1848,,,1
285,322,Undirected,1849,,,3
285,327,Undirected,1850,,,1
285,329,Undirected,1851,,,1
285,339,Undirected,1852,,,1
285,340,Undirected,1853,,,3
285,353,Undirected,1854,,,2
285,356,Undirected,1855,,,1
285,382,Undirected,1856,,,2
285,385,Undirected,1857,,,2
285,386,Undirected,1858,,,2
285,387,Undirected,1859,,,2
285,391,Undirected,1860,,,2
285,285,Undirected,1862,,,1
252,287,Undirected,1873,,,1
287,310,Undirected,1876,,,4
287,322,Undirected,1877,,,10
287,323,Undirected,1878,,,4
287,335,Undirected,1879,,,3
287,336,Undirected,1880,,,2
287,344,Undirected,1881,,,1
287,345,Undirected,1882,,,4
287,347,Undirected,1883,,,2
287,353,Undirected,1884,,,3
287,366,Undirected,1885,,,2
287,368,Undirected,1886,,,2
287,374,Undirected,1887,,,1
287,378,Undirected,1888,,,2
287,385,Undirected,1889,,,2
287,386,Undirected,1890,,,2
287,389,Undirected,1891,,,2
287,390,Undirected,1892,,,2
287,391,Undirected,1893,,,2
287,287,Undirected,1895,,,1
124,215,Undirected,1896,,,4
245,290,Undirected,1903,,,1
154,292,Undirected,1917,,,1
14,294,Undirected,1923,,,1
232,295,Undirected,1927,,,1
14,215,Undirected,1938,,,4
215,223,Undirected,1940,,,1
223,300,Undirected,1943,,,1
285,302,Undirected,1951,,,1
14,214,Undirected,1954,,,1
14,305,Undirected,1955,,,1
215,308,Undirected,1959,,,1
246,340,Undirected,1963,,,1
309,382,Undirected,1964,,,2
309,383,Undirected,1965,,,2
309,309,Undirected,1967,,,1
271,272,Undirected,1978,,,5
271,309,Undirected,1979,,,1
272,279,Undirected,1980,,,1
279,285,Undirected,1982,,,4
310,383,Undirected,1988,,,2
310,310,Undirected,1990,,,1
241,243,Undirected,1993,,,3
252,271,Undirected,1999,,,2
323,311,Undirected,2005,,,1
323,337,Undirected,2006,,,1
311,376,Undirected,2007,,,1
311,311,Undirected,2009,,,1
239,243,Undirected,2014,,,5
243,279,Undirected,2016,,,2
283,314,Undirected,2021,,,1
285,14,Undirected,2030,,,1
285,315,Undirected,2031,,,1
265,316,Undirected,2037,,,1
279,317,Undirected,2044,,,1
279,366,Undirected,2045,,,2
317,317,Undirected,2047,,,1
260,280,Undirected,2056,,,2
260,317,Undirected,2057,,,1
285,318,Undirected,2061,,,1
263,272,Undirected,2070,,,1
263,319,Undirected,2071,,,1
281,320,Undirected,2075,,,1
240,246,Undirected,2082,,,4
271,275,Undirected,2086,,,1
275,321,Undirected,2089,,,1
322,337,Undirected,2104,,,2
322,338,Undirected,2105,,,1
322,347,Undirected,2106,,,1
322,353,Undirected,2107,,,2
322,368,Undirected,2108,,,1
322,379,Undirected,2109,,,1
322,381,Undirected,2110,,,1
322,385,Undirected,2111,,,1
322,387,Undirected,2112,,,1
322,389,Undirected,2113,,,3
322,390,Undirected,2114,,,2
322,391,Undirected,2115,,,2
322,392,Undirected,2116,,,1
322,322,Undirected,2118,,,1
265,271,Undirected,2133,,,5
272,285,Undirected,2137,,,1
345,323,Undirected,2143,,,2
345,310,Undirected,2144,,,1
323,375,Undirected,2145,,,2
323,378,Undirected,2146,,,2
323,391,Undirected,2147,,,2
323,323,Undirected,2149,,,1
322,324,Undirected,2163,,,1
277,327,Undirected,2175,,,1
285,328,Undirected,2183,,,1
252,278,Undirected,2194,,,2
278,329,Undirected,2197,,,1
285,330,Undirected,2209,,,1
260,281,Undirected,2214,,,2
281,331,Undirected,2217,,,1
236,246,Undirected,2222,,,2
246,333,Undirected,2235,,,1
240,276,Undirected,2240,,,1
276,334,Undirected,2243,,,1
252,335,Undirected,2251,,,1
215,245,Undirected,2252,,,2
345,346,Undirected,2262,,,2
345,335,Undirected,2263,,,2
346,336,Undirected,2265,,,1
287,343,Undirected,2270,,,2
343,337,Undirected,2273,,,2
263,265,Undirected,2286,,,3
311,322,Undirected,2294,,,1
311,337,Undirected,2295,,,1
322,343,Undirected,2296,,,2
343,338,Undirected,2299,,,1
280,322,Undirected,2308,,,1
322,339,Undirected,2311,,,1
279,280,Undirected,2320,,,2
252,279,Undirected,2334,,,5
309,343,Undirected,2340,,,2
309,340,Undirected,2341,,,1
343,341,Undirected,2343,,,2
283,343,Undirected,2356,,,1
343,342,Undirected,2359,,,1
243,260,Undirected,2364,,,1
281,343,Undirected,2368,,,1
281,336,Undirected,2369,,,1
343,340,Undirected,2371,,,1
343,353,Undirected,2373,,,2
343,360,Undirected,2374,,,1
343,375,Undirected,2375,,,1
343,382,Undirected,2376,,,1
343,383,Undirected,2377,,,2
343,386,Undirected,2378,,,2
343,391,Undirected,2379,,,2
343,343,Undirected,2381,,,1
271,276,Undirected,2398,,,1
276,279,Undirected,2400,,,1
279,287,Undirected,2402,,,1
345,353,Undirected,2407,,,2
345,378,Undirected,2408,,,1
345,386,Undirected,2409,,,1
345,389,Undirected,2410,,,1
345,390,Undirected,2411,,,2
345,391,Undirected,2412,,,2
345,345,Undirected,2414,,,1
246,287,Undirected,2419,,,2
287,346,Undirected,2421,,,1
346,353,Undirected,2423,,,1
346,346,Undirected,2425,,,1
322,348,Undirected,2441,,,1
215,349,Undirected,2443,,,1
215,232,Undirected,2450,,,1
232,351,Undirected,2453,,,1
75,215,Undirected,2456,,,1
243,245,Undirected,2474,,,1
255,260,Undirected,2482,,,1
260,265,Undirected,2484,,,1
272,275,Undirected,2490,,,2
275,276,Undirected,2492,,,1
276,278,Undirected,2494,,,1
281,283,Undirected,2502,,,3
310,322,Undirected,2510,,,1
310,353,Undirected,2511,,,1
343,345,Undirected,2514,,,3
346,354,Undirected,2519,,,1
246,355,Undirected,2525,,,1
285,358,Undirected,2539,,,1
215,359,Undirected,2541,,,1
246,360,Undirected,2545,,,1
343,361,Undirected,2553,,,1
246,362,Undirected,2557,,,1
265,282,Undirected,2564,,,1
282,363,Undirected,2567,,,1
243,253,Undirected,2570,,,1
253,279,Undirected,2572,,,1
253,363,Undirected,2573,,,1
239,252,Undirected,2578,,,3
252,260,Undirected,2580,,,1
281,287,Undirected,2586,,,1
287,317,Undirected,2588,,,1
317,368,Undirected,2591,,,1
271,273,Undirected,2596,,,2
273,287,Undirected,2598,,,3
273,368,Undirected,2599,,,1
322,372,Undirected,2603,,,1
137,373,Undirected,2607,,,1
243,214,Undirected,2614,,,1
243,374,Undirected,2615,,,1
239,287,Undirected,2620,,,1
287,375,Undirected,2623,,,1
279,323,Undirected,2628,,,1
323,343,Undirected,2630,,,2
343,376,Undirected,2633,,,1
255,278,Undirected,2642,,,1
278,283,Undirected,2644,,,1
311,377,Undirected,2649,,,1
252,378,Undirected,2655,,,1
345,379,Undirected,2671,,,1
322,380,Undirected,2683,,,1
275,322,Undirected,2702,,,1
322,382,Undirected,2705,,,1
283,309,Undirected,2746,,,1
309,310,Undirected,2748,,,1
310,343,Undirected,2750,,,1
343,384,Undirected,2753,,,1
271,285,Undirected,2770,,,1
322,386,Undirected,2777,,,1
345,124,Undirected,2792,,,1
345,387,Undirected,2793,,,1
236,239,Undirected,2800,,,1
246,278,Undirected,2806,,,1
322,345,Undirected,2828,,,2
255,259,Undirected,2866,,,1
259,265,Undirected,2868,,,1
259,391,Undirected,2869,,,1
272,273,Undirected,2874,,,1
273,278,Undirected,2876,,,1
279,281,Undirected,2880,,,1
322,323,Undirected,2890,,,1
345,3,Undirected,2896,,,1
345,392,Undirected,2897,,,1
239,246,Undirected,2906,,,1
322,393,Undirected,2913,,,1
16,394,Undirected,2917,,,1
6,145,Undirected,2920,,,1
145,3,Undirected,2922,,,1
145,395,Undirected,2923,,,1
32,153,Undirected,2926,,,1
153,215,Undirected,2928,,,1
153,395,Undirected,2929,,,1
